,사고번호,사고일시,요일,시군구,사고내용,사망자수,중상자수,경상자수,부상신고자수,사고유형,법규위반,노면상태,기상상태,도로형태,가해운전자 차종,가해운전자 성별,가해운전자 연령,가해운전자 상해정도,피해운전자 차종,피해운전자 성별,피해운전자 연령,피해운전자 상해정도
0,2021010800100387,2021년 1월 8일 18시,금요일,세종특별자치시 금남면,경상사고,0,0,1,0,차대사람 - 기타,안전운전불이행,포장 - 적설,맑음,교차로 - 교차로안,승용,남,61세,상해없음,보행자,남,10세,경상
1,2021010800100388,2021년 1월 8일 18시,금요일,세종특별자치시 조치원읍,중상사고,0,1,0,0,차대사람 - 차도통행중,보행자보호의무위반,포장 - 적설,흐림,단일로 - 기타,승합,남,22세,상해없음,보행자,여,71세,중상
2,2021011100100523,2021년 1월 11일 21시,월요일,세종특별자치시 어진동,중상사고,0,1,0,0,차대사람 - 횡단중,보행자보호의무위반,포장 - 건조,기타,교차로 - 교차로횡단보도내,승용,남,57세,상해없음,보행자,남,37세,중상
3,2021011900100295,2021년 1월 19일 14시,화요일,세종특별자치시 전동면,사망사고,1,0,0,0,차대사람 - 기타,안전운전불이행,포장 - 건조,맑음,단일로 - 기타,화물,남,31세,상해없음,보행자,여,74세,사망
4,2021012700100112,2021년 1월 27일 09시,수요일,세종특별자치시 연동면,경상사고,0,0,1,0,차대사람 - 기타,안전운전불이행,포장 - 건조,맑음,단일로 - 기타,화물,남,45세,상해없음,보행자,남,27세,경상
5,2021020800100550,2021년 2월 8일 19시,월요일,세종특별자치시 어진동,경상사고,0,0,2,0,차대사람 - 횡단중,신호위반,포장 - 건조,맑음,교차로 - 교차로안,승용,남,25세,상해없음,보행자,여,29세,경상
6,2021020900100096,2021년 2월 9일 08시,화요일,세종특별자치시 조치원읍,경상사고,0,0,1,0,차대사람 - 보도통행중,안전운전불이행,포장 - 건조,맑음,교차로 - 교차로안,승용,남,28세,상해없음,보행자,남,22세,경상
7,2021021000100761,2021년 2월 10일 23시,수요일,세종특별자치시 다정동,경상사고,0,0,1,0,차대사람 - 횡단중,보행자보호의무위반,포장 - 건조,맑음,교차로 - 교차로횡단보도내,승용,여,26세,상해없음,보행자,여,50세,경상
8,2021021900100530,2021년 2월 19일 18시,금요일,세종특별자치시 고운동,경상사고,0,0,1,0,차대사람 - 횡단중,안전운전불이행,포장 - 건조,맑음,단일로 - 기타,개인형이동수단(PM),남,35세,상해없음,보행자,남,68세,경상
9,2021022200100034,2021년 2월 22일 06시,월요일,세종특별자치시 대평동,경상사고,0,0,1,0,차대사람 - 횡단중,보행자보호의무위반,포장 - 건조,맑음,교차로 - 교차로횡단보도내,승용,여,57세,상해없음,보행자,남,32세,경상
10,2021022800100032,2021년 2월 28일 03시,일요일,세종특별자치시 연동면,경상사고,0,0,1,0,차대사람 - 차도통행중,안전운전불이행,포장 - 건조,맑음,단일로 - 지하차도(도로)내,승합,남,52세,상해없음,보행자,남,25세,경상
11,2021030200100370,2021년 3월 2일 17시,화요일,세종특별자치시 다정동,중상사고,0,1,0,0,차대사람 - 횡단중,신호위반,포장 - 건조,맑음,교차로 - 교차로안,승용,남,46세,상해없음,보행자,여,12세,중상
12,2021030500100613,2021년 3월 5일 23시,금요일,세종특별자치시 조치원읍,경상사고,0,0,1,0,차대사람 - 기타,안전운전불이행,포장 - 건조,맑음,단일로 - 기타,승합,남,45세,상해없음,보행자,남,63세,경상
13,2021030700100319,2021년 3월 7일 19시,일요일,세종특별자치시 조치원읍,중상사고,0,1,0,0,차대사람 - 횡단중,보행자보호의무위반,포장 - 건조,맑음,교차로 - 교차로안,이륜,남,56세,상해없음,보행자,남,70세,중상
14,2021032300100454,2021년 3월 23일 18시,화요일,세종특별자치시 도담동,중상사고,0,1,0,0,차대사람 - 기타,안전운전불이행,포장 - 건조,맑음,단일로 - 기타,승합,남,56세,상해없음,보행자,여,47세,중상
15,2021032400100447,2021년 3월 24일 18시,수요일,세종특별자치시 보람동,경상사고,0,0,1,0,차대사람 - 보도통행중,안전운전불이행,포장 - 건조,맑음,단일로 - 기타,승용,여,31세,상해없음,보행자,남,19세,경상
16,2021040200100142,2021년 4월 2일 09시,금요일,세종특별자치시 조치원읍,중상사고,0,1,0,0,차대사람 - 횡단중,보행자보호의무위반,포장 - 건조,맑음,교차로 - 교차로안,승합,남,73세,상해없음,보행자,여,72세,중상
17,2021040600100285,2021년 4월 6일 14시,화요일,세종특별자치시 조치원읍,경상사고,0,0,1,0,차대사람 - 기타,안전운전불이행,포장 - 건조,맑음,단일로 - 기타,승용,여,49세,상해없음,보행자,여,65세,경상
18,2021040600100445,2021년 4월 6일 18시,화요일,세종특별자치시 고운동,중상사고,0,1,0,1,차대사람 - 기타,신호위반,포장 - 건조,맑음,교차로 - 교차로안,이륜,남,17세,부상신고,보행자,남,10세,중상
19,2021040600100569,2021년 4월 6일 22시,화요일,세종특별자치시 나성동,중상사고,0,1,0,0,차대사람 - 횡단중,보행자보호의무위반,포장 - 건조,맑음,기타 - 기타,승용,남,54세,상해없음,보행자,남,40세,중상
20,2021040600100570,2021년 4월 6일 22시,화요일,세종특별자치시 다정동,중상사고,0,1,0,0,차대사람 - 횡단중,안전운전불이행,포장 - 건조,맑음,교차로 - 교차로안,승용,남,53세,상해없음,보행자,남,31세,중상
21,2021040700100141,2021년 4월 7일 09시,수요일,세종특별자치시 전동면,경상사고,0,0,1,0,차대사람 - 횡단중,안전운전불이행,포장 - 건조,맑음,교차로 - 교차로안,승용,남,61세,상해없음,보행자,여,84세,경상
22,2021040700100551,2021년 4월 7일 19시,수요일,세종특별자치시 조치원읍,중상사고,0,1,0,0,차대사람 - 차도통행중,안전운전불이행,포장 - 건조,맑음,교차로 - 교차로부근,승용,여,42세,상해없음,보행자,남,66세,중상
23,2021040800100544,2021년 4월 8일 19시,목요일,세종특별자치시 나성동,경상사고,0,0,1,0,차대사람 - 횡단중,보행자보호의무위반,포장 - 건조,맑음,교차로 - 교차로안,기타불명,기타불명,미분류,기타불명,보행자,남,33세,경상
24,2021040900100285,2021년 4월 9일 13시,금요일,세종특별자치시 장군면,중상사고,0,1,0,0,차대사람 - 차도통행중,안전운전불이행,포장 - 건조,맑음,단일로 - 기타,승용,남,76세,상해없음,보행자,여,79세,중상
25,2021041600100502,2021년 4월 16일 20시,금요일,세종특별자치시 나성동,경상사고,0,0,1,0,차대사람 - 횡단중,보행자보호의무위반,포장 - 건조,맑음,교차로 - 교차로횡단보도내,승용,남,37세,상해없음,보행자,남,12세,경상
26,2021042100100573,2021년 4월 21일 20시,수요일,세종특별자치시 보람동,경상사고,0,0,1,0,차대사람 - 보도통행중,기타,포장 - 건조,맑음,단일로 - 기타,기타불명,기타불명,미분류,기타불명,보행자,남,22세,경상
27,2021042200100064,2021년 4월 22일 07시,목요일,세종특별자치시 금남면,경상사고,0,0,1,0,차대사람 - 횡단중,신호위반,포장 - 건조,맑음,교차로 - 교차로부근,승용,남,58세,상해없음,보행자,남,64세,경상
28,2021042500100290,2021년 4월 25일 15시,일요일,세종특별자치시 고운동,중상사고,0,1,0,0,차대사람 - 횡단중,안전운전불이행,포장 - 건조,맑음,단일로 - 기타,승용,남,45세,상해없음,보행자,여,13세,중상
29,2021042900100496,2021년 4월 29일 18시,목요일,세종특별자치시 장군면,중상사고,0,1,0,0,차대사람 - 횡단중,안전운전불이행,포장 - 건조,흐림,교차로 - 교차로부근,승용,남,57세,상해없음,보행자,여,74세,중상
30,2021050400100630,2021년 5월 4일 21시,화요일,세종특별자치시 고운동,중상사고,0,1,0,0,차대사람 - 보도통행중,보행자보호의무위반,포장 - 젖음/습기,비,기타 - 기타,이륜,남,34세,상해없음,보행자,남,40세,중상
31,2021050400100717,2021년 5월 4일 23시,화요일,세종특별자치시 금남면,경상사고,0,0,1,0,차대사람 - 차도통행중,안전운전불이행,포장 - 건조,맑음,단일로 - 기타,승용,남,63세,상해없음,보행자,남,35세,경상
32,2021050500100100,2021년 5월 5일 09시,수요일,세종특별자치시 금남면,중상사고,0,1,0,0,차대사람 - 횡단중,안전운전불이행,포장 - 건조,맑음,단일로 - 기타,승용,남,61세,상해없음,보행자,남,87세,중상
33,2021050800100475,2021년 5월 8일 17시,토요일,세종특별자치시 금남면,경상사고,0,0,1,0,차대사람 - 기타,안전운전불이행,포장 - 건조,맑음,기타 - 기타,화물,남,60세,상해없음,보행자,남,69세,경상
34,2021051700100052,2021년 5월 17일 06시,월요일,세종특별자치시 어진동,중상사고,0,1,0,0,차대사람 - 차도통행중,안전운전불이행,포장 - 건조,맑음,기타 - 기타,승용,남,54세,상해없음,보행자,여,75세,중상
35,2021051700100105,2021년 5월 17일 08시,월요일,세종특별자치시 한솔동,중상사고,0,1,0,0,차대사람 - 횡단중,과속,포장 - 젖음/습기,흐림,단일로 - 기타,승용,남,40세,상해없음,보행자,여,15세,중상
36,2021051700100373,2021년 5월 17일 17시,월요일,세종특별자치시 소담동,중상사고,0,1,0,0,차대사람 - 횡단중,안전운전불이행,포장 - 젖음/습기,흐림,교차로 - 교차로횡단보도내,개인형이동수단(PM),남,24세,상해없음,보행자,여,45세,중상
37,2021052000100400,2021년 5월 20일 18시,목요일,세종특별자치시 조치원읍,경상사고,0,0,1,0,차대사람 - 횡단중,안전운전불이행,포장 - 젖음/습기,비,교차로 - 교차로안,승합,남,51세,상해없음,보행자,여,26세,경상
38,2021052800100393,2021년 5월 28일 16시,금요일,세종특별자치시 새롬동,경상사고,0,0,1,0,차대사람 - 보도통행중,기타,포장 - 건조,맑음,교차로 - 교차로부근,이륜,남,18세,상해없음,보행자,남,6세,경상
39,2021052800100586,2021년 5월 28일 21시,금요일,세종특별자치시 장군면,중상사고,0,1,0,0,차대사람 - 기타,안전운전불이행,포장 - 건조,맑음,단일로 - 기타,승용,남,51세,상해없음,보행자,남,55세,중상
40,2021052900100186,2021년 5월 29일 11시,토요일,세종특별자치시 나성동,중상사고,0,1,0,0,차대사람 - 기타,안전운전불이행,포장 - 건조,맑음,단일로 - 기타,승용,여,47세,상해없음,보행자,남,48세,중상
41,2021060100100588,2021년 6월 1일 21시,화요일,세종특별자치시 조치원읍,경상사고,0,0,1,0,차대사람 - 기타,안전운전불이행,비포장 - 건조,맑음,기타 - 기타,승합,남,40세,상해없음,보행자,여,24세,경상
42,2021061100100620,2021년 6월 11일 22시,금요일,세종특별자치시 대평동,경상사고,0,0,1,0,차대사람 - 기타,안전운전불이행,포장 - 건조,맑음,단일로 - 교량,승용,남,59세,상해없음,보행자,남,34세,경상
43,2021061400100595,2021년 6월 14일 23시,월요일,세종특별자치시 도담동,경상사고,0,0,1,0,차대사람 - 횡단중,보행자보호의무위반,포장 - 건조,맑음,교차로 - 교차로횡단보도내,이륜,남,16세,상해없음,보행자,남,44세,경상
44,2021061500100158,2021년 6월 15일 10시,화요일,세종특별자치시 조치원읍,중상사고,0,1,0,0,차대사람 - 횡단중,보행자보호의무위반,포장 - 건조,맑음,교차로 - 교차로부근,화물,남,64세,상해없음,보행자,여,75세,중상
45,2021061600100523,2021년 6월 16일 19시,수요일,세종특별자치시 소정면,경상사고,0,0,1,0,차대사람 - 기타,안전운전불이행,포장 - 건조,맑음,주차장 - 주차장,승용,남,70세,상해없음,보행자,남,58세,경상
46,2021062100100660,2021년 6월 21일 23시,월요일,세종특별자치시 나성동,사망사고,1,0,0,0,차대사람 - 차도통행중,과속,포장 - 건조,맑음,기타 - 기타,승용,남,32세,상해없음,보행자,남,45세,사망
47,2021070200100469,2021년 7월 2일 17시,금요일,세종특별자치시 대평동,경상사고,0,0,1,0,차대사람 - 차도통행중,안전운전불이행,포장 - 건조,맑음,기타 - 기타,승용,남,50세,상해없음,보행자,여,45세,경상
48,2021071300100186,2021년 7월 13일 10시,화요일,세종특별자치시 나성동,경상사고,0,0,1,0,차대사람 - 횡단중,보행자보호의무위반,포장 - 건조,맑음,교차로 - 교차로안,승용,여,20세,상해없음,보행자,여,44세,경상
49,2021071500100029,2021년 7월 15일 04시,목요일,세종특별자치시 연기면,중상사고,0,1,0,0,차대사람 - 횡단중,보행자보호의무위반,포장 - 건조,맑음,기타 - 기타,승합,남,53세,상해없음,보행자,여,22세,중상
50,2021071500100388,2021년 7월 15일 16시,목요일,세종특별자치시 장군면,경상사고,0,0,1,0,차대사람 - 기타,안전운전불이행,포장 - 건조,맑음,단일로 - 기타,승용,남,53세,상해없음,보행자,남,56세,경상
51,2021071600100064,2021년 7월 16일 07시,금요일,세종특별자치시 연기면,중상사고,0,1,0,0,차대사람 - 보도통행중,보행자보호의무위반,포장 - 건조,맑음,단일로 - 기타,승합,남,61세,상해없음,보행자,여,19세,중상
52,2021071900100149,2021년 7월 19일 09시,월요일,세종특별자치시 도담동,경상사고,0,0,1,0,차대사람 - 횡단중,기타,포장 - 건조,맑음,단일로 - 기타,승합,남,64세,상해없음,보행자,여,7세,경상
53,2021073100100554,2021년 7월 31일 22시,토요일,세종특별자치시 조치원읍,중상사고,0,1,0,0,차대사람 - 기타,기타,포장 - 건조,맑음,단일로 - 기타,승용,여,53세,상해없음,보행자,남,58세,중상
54,2021080700100385,2021년 8월 7일 17시,토요일,세종특별자치시 새롬동,경상사고,0,0,1,0,차대사람 - 횡단중,안전운전불이행,포장 - 건조,맑음,단일로 - 기타,개인형이동수단(PM),남,18세,상해없음,보행자,남,9세,경상
55,2021081200100400,2021년 8월 12일 17시,목요일,세종특별자치시 조치원읍,경상사고,0,0,1,0,차대사람 - 횡단중,안전운전불이행,포장 - 건조,맑음,단일로 - 기타,승용,여,64세,상해없음,보행자,남,84세,경상
56,2021082500100535,2021년 8월 25일 21시,수요일,세종특별자치시 나성동,중상사고,0,1,0,0,차대사람 - 차도통행중,안전운전불이행,포장 - 건조,맑음,교차로 - 교차로안,승용,남,43세,상해없음,보행자,남,43세,중상
57,2021082700100060,2021년 8월 27일 07시,금요일,세종특별자치시 금남면,중상사고,0,1,0,0,차대사람 - 기타,안전운전불이행,포장 - 건조,맑음,단일로 - 기타,승용,남,58세,상해없음,보행자,남,78세,중상
58,2021082800100236,2021년 8월 28일 13시,토요일,세종특별자치시 나성동,중상사고,0,1,0,0,차대사람 - 횡단중,보행자보호의무위반,포장 - 건조,맑음,단일로 - 기타,승용,남,47세,상해없음,보행자,여,69세,중상
59,2021082900100285,2021년 8월 29일 17시,일요일,세종특별자치시 전동면,중상사고,0,1,0,0,차대사람 - 기타,안전운전불이행,포장 - 건조,맑음,기타 - 기타,화물,남,26세,상해없음,보행자,여,79세,중상
60,2021083100100129,2021년 8월 31일 09시,화요일,세종특별자치시 금남면,중상사고,0,1,0,0,차대사람 - 차도통행중,안전운전불이행,포장 - 건조,맑음,단일로 - 기타,승용,여,41세,상해없음,보행자,남,86세,중상
61,2021090100100235,2021년 9월 1일 13시,수요일,세종특별자치시 다정동,경상사고,0,0,1,0,차대사람 - 횡단중,보행자보호의무위반,포장 - 건조,맑음,교차로 - 교차로부근,승용,여,45세,상해없음,보행자,여,70세,경상
62,2021090300100173,2021년 9월 3일 11시,금요일,세종특별자치시 어진동,경상사고,0,0,1,0,차대사람 - 기타,안전운전불이행,포장 - 건조,맑음,교차로 - 교차로안,승용,남,67세,상해없음,보행자,여,30세,경상
63,2021090300100453,2021년 9월 3일 18시,금요일,세종특별자치시 종촌동,중상사고,0,1,0,0,차대사람 - 기타,안전운전불이행,포장 - 건조,맑음,기타 - 기타,자전거,남,13세,상해없음,보행자,여,1세,중상
64,2021090600100196,2021년 9월 6일 10시,월요일,세종특별자치시 금남면,중상사고,0,1,0,0,차대사람 - 횡단중,보행자보호의무위반,포장 - 건조,맑음,교차로 - 교차로횡단보도내,화물,남,59세,상해없음,보행자,여,48세,중상
65,2021091200100009,2021년 9월 12일 00시,일요일,세종특별자치시 조치원읍,경상사고,0,0,1,0,차대사람 - 길가장자리구역통행중,안전운전불이행,포장 - 건조,맑음,단일로 - 기타,승용,남,59세,상해없음,보행자,남,26세,경상
66,2021091500100048,2021년 9월 15일 06시,수요일,세종특별자치시 다정동,경상사고,0,0,1,0,차대사람 - 횡단중,보행자보호의무위반,포장 - 건조,맑음,교차로 - 교차로안,승용,여,26세,상해없음,보행자,여,67세,경상
67,2021091600100306,2021년 9월 16일 13시,목요일,세종특별자치시 금남면,경상사고,0,0,2,0,차대사람 - 기타,안전운전불이행,포장 - 건조,맑음,단일로 - 기타,화물,남,75세,상해없음,보행자,남,58세,경상
68,2021091900100366,2021년 9월 19일 18시,일요일,세종특별자치시 연서면,중상사고,0,1,0,0,차대사람 - 길가장자리구역통행중,안전운전불이행,포장 - 건조,맑음,기타 - 기타,화물,남,74세,상해없음,보행자,남,47세,중상
69,2021092400100188,2021년 9월 24일 11시,금요일,세종특별자치시 조치원읍,중상사고,0,1,0,0,차대사람 - 기타,보행자보호의무위반,포장 - 건조,맑음,교차로 - 교차로안,승용,남,30세,상해없음,보행자,여,62세,중상
70,2021092800100500,2021년 9월 28일 19시,화요일,세종특별자치시 조치원읍,중상사고,0,1,0,0,차대사람 - 횡단중,과속,포장 - 젖음/습기,비,교차로 - 교차로횡단보도내,승용,남,48세,상해없음,보행자,여,74세,중상
71,2021092900100477,2021년 9월 29일 18시,수요일,세종특별자치시 새롬동,중상사고,0,1,0,0,차대사람 - 기타,보행자보호의무위반,포장 - 젖음/습기,비,교차로 - 교차로횡단보도내,승용,남,34세,상해없음,보행자,여,30세,중상
72,2021100200100081,2021년 10월 2일 08시,토요일,세종특별자치시 아름동,경상사고,0,0,1,0,차대사람 - 보도통행중,기타,포장 - 건조,맑음,기타 - 기타,원동기,남,43세,상해없음,보행자,여,52세,경상
73,2021101000100464,2021년 10월 10일 20시,일요일,세종특별자치시 부강면,중상사고,0,1,0,0,차대사람 - 차도통행중,안전운전불이행,포장 - 건조,맑음,단일로 - 기타,승용,남,70세,상해없음,보행자,남,60세,중상
74,2021101500100502,2021년 10월 15일 18시,금요일,세종특별자치시 조치원읍,중상사고,0,1,0,0,차대사람 - 횡단중,보행자보호의무위반,포장 - 젖음/습기,비,교차로 - 교차로횡단보도내,승용,남,69세,상해없음,보행자,여,65세,중상
75,2021101700100409,2021년 10월 17일 20시,일요일,세종특별자치시 종촌동,중상사고,0,1,0,0,차대사람 - 횡단중,신호위반,포장 - 건조,맑음,교차로 - 교차로횡단보도내,이륜,남,25세,상해없음,보행자,여,47세,중상
76,2021101800100599,2021년 10월 18일 19시,월요일,세종특별자치시 반곡동,중상사고,0,1,0,0,차대사람 - 횡단중,보행자보호의무위반,포장 - 건조,맑음,교차로 - 교차로부근,승용,남,70세,상해없음,보행자,남,67세,중상
77,2021102000100122,2021년 10월 20일 09시,수요일,세종특별자치시 소담동,중상사고,0,1,0,0,차대사람 - 차도통행중,안전운전불이행,포장 - 건조,맑음,교차로 - 교차로안,승용,여,36세,상해없음,보행자,남,78세,중상
78,2021102100100102,2021년 10월 21일 08시,목요일,세종특별자치시 고운동,중상사고,0,1,0,0,차대사람 - 횡단중,보행자보호의무위반,포장 - 건조,맑음,교차로 - 교차로안,승용,남,53세,상해없음,보행자,여,82세,중상
79,2021102100100155,2021년 10월 21일 10시,목요일,세종특별자치시 보람동,경상사고,0,0,1,0,차대사람 - 횡단중,보행자보호의무위반,포장 - 건조,맑음,교차로 - 교차로안,승용,남,68세,상해없음,보행자,남,12세,경상
80,2021102100100480,2021년 10월 21일 18시,목요일,세종특별자치시 아름동,부상신고사고,0,0,0,1,차대사람 - 차도통행중,안전거리미확보,포장 - 건조,맑음,단일로 - 기타,승용,여,25세,상해없음,보행자,남,5세,부상신고
81,2021102400100355,2021년 10월 24일 17시,일요일,세종특별자치시 종촌동,경상사고,0,0,1,0,차대사람 - 횡단중,보행자보호의무위반,포장 - 건조,흐림,교차로 - 교차로안,승용,여,43세,상해없음,보행자,여,10세,경상
82,2021102500100521,2021년 10월 25일 18시,월요일,세종특별자치시 어진동,중상사고,0,1,0,0,차대사람 - 기타,안전운전불이행,포장 - 건조,맑음,기타 - 기타,승합,남,74세,상해없음,보행자,여,39세,중상
83,2021102700100041,2021년 10월 27일 06시,수요일,세종특별자치시 조치원읍,사망사고,1,0,0,0,차대사람 - 횡단중,과속,포장 - 젖음/습기,안개,교차로 - 교차로부근,승용,남,42세,기타불명,보행자,여,81세,사망
84,2021102700100101,2021년 10월 27일 08시,수요일,세종특별자치시 나성동,부상신고사고,0,0,0,1,차대사람 - 횡단중,보행자보호의무위반,포장 - 건조,맑음,교차로 - 교차로안,승용,여,47세,상해없음,보행자,남,15세,부상신고
85,2021102800100427,2021년 10월 28일 16시,목요일,세종특별자치시 조치원읍,경상사고,0,0,1,0,차대사람 - 횡단중,안전운전불이행,포장 - 건조,맑음,교차로 - 교차로안,승용,남,73세,상해없음,보행자,남,85세,경상
86,2021102800100475,2021년 10월 28일 17시,목요일,세종특별자치시 조치원읍,중상사고,0,1,0,0,차대사람 - 차도통행중,보행자보호의무위반,포장 - 건조,맑음,단일로 - 기타,승용,여,47세,상해없음,보행자,여,30세,중상
87,2021103100100462,2021년 10월 31일 21시,일요일,세종특별자치시 소정면,중상사고,0,1,0,0,차대사람 - 기타,안전운전불이행,포장 - 건조,흐림,교차로 - 교차로안,승합,남,50세,상해없음,보행자,남,20세,중상
88,2021110200100067,2021년 11월 2일 06시,화요일,세종특별자치시 보람동,부상신고사고,0,0,0,1,차대사람 - 횡단중,안전운전불이행,포장 - 건조,맑음,교차로 - 교차로안,승용,남,56세,상해없음,보행자,남,79세,부상신고
89,2021110200100350,2021년 11월 2일 15시,화요일,세종특별자치시 연기면,중상사고,0,1,0,0,차대사람 - 기타,안전운전불이행,포장 - 건조,맑음,단일로 - 기타,승합,남,28세,상해없음,보행자,여,64세,중상
90,2021111500100523,2021년 11월 15일 18시,월요일,세종특별자치시 조치원읍,경상사고,0,0,1,0,차대사람 - 횡단중,안전운전불이행,포장 - 건조,맑음,교차로 - 교차로안,승용,여,52세,상해없음,보행자,남,39세,경상
91,2021112100100167,2021년 11월 21일 12시,일요일,세종특별자치시 대평동,경상사고,0,0,1,0,차대사람 - 횡단중,안전운전불이행,포장 - 건조,맑음,교차로 - 교차로횡단보도내,승용,남,49세,상해없음,보행자,남,29세,경상
92,2021112100100341,2021년 11월 21일 17시,일요일,세종특별자치시 새롬동,경상사고,0,0,1,0,차대사람 - 보도통행중,안전운전불이행,포장 - 건조,맑음,교차로 - 교차로횡단보도내,개인형이동수단(PM),여,17세,상해없음,보행자,남,70세,경상
93,2021112200100457,2021년 11월 22일 17시,월요일,세종특별자치시 도담동,경상사고,0,0,1,0,차대사람 - 횡단중,보행자보호의무위반,포장 - 건조,흐림,교차로 - 교차로횡단보도내,승용,여,37세,상해없음,보행자,여,9세,경상
94,2021112600100599,2021년 11월 26일 18시,금요일,세종특별자치시 다정동,경상사고,0,0,1,0,차대사람 - 횡단중,보행자보호의무위반,포장 - 건조,맑음,교차로 - 교차로횡단보도내,승용,여,39세,상해없음,보행자,여,26세,경상
95,2021112800100041,2021년 11월 28일 02시,일요일,세종특별자치시 나성동,경상사고,0,0,1,0,차대사람 - 기타,안전운전불이행,포장 - 건조,맑음,단일로 - 기타,승용,여,22세,상해없음,보행자,남,36세,경상
96,2021112800100217,2021년 11월 28일 13시,일요일,세종특별자치시 조치원읍,경상사고,0,0,2,0,차대사람 - 보도통행중,보행자보호의무위반,포장 - 건조,흐림,교차로 - 교차로안,승용,남,43세,상해없음,보행자,남,12세,경상
97,2021113000100351,2021년 11월 30일 14시,화요일,세종특별자치시 부강면,중상사고,0,1,0,0,차대사람 - 기타,보행자보호의무위반,포장 - 젖음/습기,비,교차로 - 교차로부근,화물,남,63세,상해없음,보행자,여,70세,중상
98,2021120600100346,2021년 12월 6일 16시,월요일,세종특별자치시 고운동,경상사고,0,0,1,0,차대사람 - 기타,안전운전불이행,포장 - 건조,맑음,기타 - 기타,승용,여,54세,상해없음,보행자,여,78세,경상
99,2021120900100498,2021년 12월 9일 21시,목요일,세종특별자치시 장군면,경상사고,0,0,1,0,차대사람 - 차도통행중,안전운전불이행,포장 - 건조,맑음,교차로 - 교차로안,승용,남,26세,상해없음,보행자,남,19세,경상
100,2021121000100508,2021년 12월 10일 18시,금요일,세종특별자치시 전의면,경상사고,0,0,1,0,차대사람 - 기타,안전운전불이행,포장 - 건조,맑음,단일로 - 기타,승용,여,58세,상해없음,보행자,여,59세,경상
101,2021121100100217,2021년 12월 11일 12시,토요일,세종특별자치시 어진동,경상사고,0,0,1,0,차대사람 - 기타,안전운전불이행,포장 - 건조,맑음,주차장 - 주차장,승용,여,36세,상해없음,보행자,여,51세,경상
102,2021121300100404,2021년 12월 13일 16시,월요일,세종특별자치시 어진동,경상사고,0,0,1,0,차대사람 - 기타,안전운전불이행,포장 - 건조,맑음,기타 - 기타,승합,남,55세,상해없음,보행자,여,31세,경상
103,2021121400100506,2021년 12월 14일 20시,화요일,세종특별자치시 전의면,경상사고,0,0,1,0,차대사람 - 차도통행중,교차로운행방법위반,포장 - 건조,맑음,교차로 - 교차로부근,승용,남,61세,상해없음,보행자,여,66세,경상
104,2021121700100042,2021년 12월 17일 04시,금요일,세종특별자치시 나성동,부상신고사고,0,0,0,1,차대사람 - 기타,안전운전불이행,포장 - 건조,맑음,단일로 - 기타,승용,남,44세,상해없음,보행자,남,27세,부상신고
105,2021122200100304,2021년 12월 22일 14시,수요일,세종특별자치시 연서면,경상사고,0,0,1,0,차대사람 - 횡단중,보행자보호의무위반,포장 - 건조,맑음,교차로 - 교차로횡단보도내,승용,여,52세,상해없음,보행자,여,58세,경상
106,2021122300100335,2021년 12월 23일 16시,목요일,세종특별자치시 보람동,경상사고,0,0,1,0,차대사람 - 횡단중,보행자보호의무위반,포장 - 건조,흐림,교차로 - 교차로안,승용,남,74세,상해없음,보행자,여,8세,경상
107,2021122600100227,2021년 12월 26일 17시,일요일,세종특별자치시 새롬동,중상사고,0,1,0,0,차대사람 - 기타,기타,포장 - 건조,흐림,단일로 - 기타,승합,남,49세,상해없음,보행자,남,74세,중상
108,2021122800100512,2021년 12월 28일 21시,화요일,세종특별자치시 다정동,경상사고,0,0,1,0,차대사람 - 횡단중,신호위반,포장 - 건조,흐림,교차로 - 교차로횡단보도내,이륜,남,21세,상해없음,보행자,여,44세,경상
109,2021122900100539,2021년 12월 29일 21시,수요일,세종특별자치시 소담동,경상사고,0,0,1,0,차대사람 - 횡단중,보행자보호의무위반,포장 - 건조,맑음,교차로 - 교차로안,승용,여,40세,상해없음,보행자,여,10세,경상